{
  "credit": "Made with Blockbench",
  "parent": "builtin/entity",
  "texture_size": [
    32,
    32
  ],
  "display": {
    "thirdperson_righthand": {
      "rotation": [
        15.25,
        0,
        0
      ],
      "translation": [
        0,
        -1.5,
        0.75
      ],
      "scale": [
        1.5625,
        1.5625,
        1.5625
      ]
    },
    "thirdperson_lefthand": {
      "rotation": [
        15.25,
        0,
        0
      ],
      "translation": [
        0,
        -1.5,
        0.75
      ],
      "scale": [
        1.5625,
        1.5625,
        1.5625
      ]
    },
    "firstperson_righthand": {
      "scale": [
        2.126953125,
        2.126953125,
        2.126953125
      ]
    },
    "firstperson_lefthand": {
      "scale": [
        2.126953125,
        2.126953125,
        2.126953125
      ]
    },
    "ground": {
      "scale": [
        2.703125,
        2.703125,
        2.703125
      ]
    }
  }
}